N,ns,L,n_levels,te_3,tu_3,te_6,tu_6,te_9,tu_9
1000,200,29.999999674644798,9,1.864682530000003e-5,4.2898850600000186e-5,3.562018939999984e-5,0.00024513810190000145,8.697798230000007e-5,0.0007920462367999974
2000,200,37.797631086924326,10,3.0166885899999974e-5,7.703381669999997e-5,5.514215860000019e-5,0.00043024590499999985,0.00012758143689999964,0.0013199237238999946
4000,200,47.62203104257679,11,4.571937989999986e-5,0.00011364936159999979,7.953322879999987e-5,0.0006448710305000038,0.00018791750879999973,0.0020476812640000063
